atwood_number,bubble_velocity_theory,bubble_velocity_experimental,spike_velocity_theory,spike_velocity_experimental,bubble_uncertainty,spike_uncertainty,source
0.1,0.1750892629489313,0.16471606413283663,-0.21010711553871755,-0.22200718063131356,0.008235803206641832,0.011100359031565678,Zhou2017_synthetic
0.2,0.24761361028828768,0.2480110447298789,-0.2971363323459452,-0.2895426027845939,0.012400552236493945,0.014477130139229697,Zhou2017_synthetic
0.30000000000000004,0.303263499287336,0.29266814260265317,-0.36391619914480317,-0.37995481816349647,0.01463340713013266,0.018997740908174826,Zhou2017_synthetic
0.4,0.3501785258978626,0.3676461808826776,-0.4202142310774351,-0.420025636963844,0.01838230904413388,0.0210012818481922,Zhou2017_synthetic
0.5,0.39151149408414565,0.4028278697385167,-0.46981379290097475,-0.45335784378352995,0.020141393486925837,0.0226678921891765,Zhou2017_synthetic
0.6,0.4288793536648739,0.4382615359526046,-0.5146552243978486,-0.5376354686627214,0.02191307679763023,0.02688177343313607,Zhou2017_synthetic
0.7000000000000001,0.4632426470004678,0.4282915198526364,-0.5558911764005613,-0.5271425242665593,0.021414575992631822,0.026357126213327964,Zhou2017_synthetic
0.8,0.49522722057657537,0.48326781611263914,-0.5942726646918904,-0.5468699697268214,0.024163390805631957,0.027343498486341072,Zhou2017_synthetic
0.9,0.5252677888467938,0.48525874491993537,-0.6303213466161526,-0.6704019964202018,0.02426293724599677,0.03352009982101009,Zhou2017_synthetic
