atwood,time_horizon,optimal_switch_time,single_switch_cost,min_multi_cost,single_optimal,improvement
0.3,0.1,0.011706488204027088,0.0013837580474378446,0.0014176323953424793,True,0.024479964519343672
0.3,0.5,0.012418059542470347,0.032513926478122214,0.04136232578386603,True,0.27214182549430566
0.3,1.0,0.01303919433055957,2.071847942636353,3.3230443149967215,True,0.6039035715952521
0.5,0.1,0.013632355061095046,0.0015078025415747977,0.0015528488024522135,True,0.029875437688523864
0.5,0.5,0.011496757754230523,0.05725497925019814,0.07545037407625747,True,0.31779585049795245
0.5,1.0,0.011453488072431522,6.426346507004791,10.934887682637553,True,0.7015714404317293
0.7,0.1,0.017217184722071534,0.0016227930929959813,0.0016631149852925115,True,0.024847217103992188
0.7,0.5,0.016320756545246354,0.08760740328556242,0.1167947065980077,True,0.33316023780898096
0.7,1.0,0.010845307409812394,14.719318557840174,26.146849566204416,True,0.7763627754545351
