{
  "validation_summary": {
    "timestamp": "2025-08-24T14:01:59.013974",
    "data_source": "Athena++ RTI Simulations",
    "data_type": "REAL SIMULATION DATA"
  },
  "results": {
    "dr_1.5": {
      "density_ratio": 1.5,
      "atwood_number": 0.2,
      "num_timesteps": 50,
      "growth_rate_measured": 0.0,
      "growth_rate_theory": 4.857948797606081,
      "fit_r_squared": 0.0,
      "processing_time_seconds": 0.21262598037719727
    },
    "dr_2.5": {
      "density_ratio": 2.5,
      "atwood_number": 0.42857142857142855,
      "num_timesteps": 50,
      "growth_rate_measured": 0.0,
      "growth_rate_theory": 6.244332630948464,
      "fit_r_squared": 0.0,
      "processing_time_seconds": 0.20953989028930664
    },
    "dr_3.5": {
      "density_ratio": 3.5,
      "atwood_number": 0.5555555555555556,
      "num_timesteps": 50,
      "growth_rate_measured": 0.0,
      "growth_rate_theory": 7.384046169314811,
      "fit_r_squared": 0.0,
      "processing_time_seconds": 0.20638108253479004
    },
    "dr_4.5": {
      "density_ratio": 4.5,
      "atwood_number": 0.6363636363636364,
      "num_timesteps": 50,
      "growth_rate_measured": 0.0,
      "growth_rate_theory": 7.6874098476626385,
      "fit_r_squared": 0.0,
      "processing_time_seconds": 0.20264887809753418
    }
  }
}